[{"fields": {"short_code": "en", "locale": "en-us", "name": "English", "local_name": "English"}, "model": "app.language", "pk": 4}, {"fields": {"short_code": "grc", "locale": "gr-el", "name": "Ancient Greek", "local_name": "Ancient Greek"}, "model": "app.language", "pk": 5}, {"fields": {"name": "Nouns"}, "model": "app.category", "pk": 1}, {"fields": {"name": "Verbs"}, "model": "app.category", "pk": 2}, {"fields": {"name": "Adjectives"}, "model": "app.category", "pk": 3}, {"fields": {"name": "Foundational"}, "model": "app.category", "pk": 4}, {"fields": {"name": "Adverbs"}, "model": "app.category", "pk": 5}, {"fields": {"category": 4, "query": "lang=grc", "ref": "s1", "external_link": "http://www.perseus.tufts.edu/hopper/text?doc=Perseus:text:1999.04.0007:id=s1", "title": "Ancient Greek Alphabet"}, "model": "app.grammar", "pk": 1}, {"fields": {"category": 4, "query": "lang=grc", "ref": "s4", "external_link": "http://www.perseus.tufts.edu/hopper/text?doc=Perseus:text:1999.04.0007:id=s4", "title": "Long and Short Vowels"}, "model": "app.grammar", "pk": 2}, {"fields": {"category": 4, "query": "lang=grc", "ref": "s5#a", "external_link": "http://www.perseus.tufts.edu/hopper/text?doc=Perseus:text:1999.04.0007:id=s5", "title": "Dipthongs"}, "model": "app.grammar", "pk": 3}, {"fields": {"category": 4, "query": "lang=grc", "ref": "s5#b", "external_link": "http://www.perseus.tufts.edu/hopper/text?doc=Perseus:text:1999.04.0007:id=s5", "title": "Iota Subscript"}, "model": "app.grammar", "pk": 4}, {"fields": {"category": 4, "query": "lang=grc", "ref": "s9#a", "external_link": "http://www.perseus.tufts.edu/hopper/text?doc=Perseus:text:1999.04.0007:id=s9#a", "title": "Rough Breathing"}, "model": "app.grammar", "pk": 5}, {"fields": {"category": 4, "query": "lang=grc", "ref": "s9#b", "external_link": "http://www.perseus.tufts.edu/hopper/text?doc=Perseus:text:1999.04.0007:id=s9", "title": "Smooth Breathing"}, "model": "app.grammar", "pk": 6}, {"fields": {"category": 4, "query": "pos=noun&lemma__contains=\u03b3\u03b3", "ref": "s19#a", "external_link": "http://www.perseus.tufts.edu/hopper/text?doc=Perseus:text:1999.04.0007:id=ss19", "title": "Gamma Nasal"}, "model": "app.grammar", "pk": 7}, {"fields": {"category": 4, "query": "lang=grc", "ref": "s149", "external_link": "http://www.perseus.tufts.edu/hopper/text?doc=Perseus:text:1999.04.0007:id=s149", "title": "Rules of Accents - Introduction"}, "model": "app.grammar", "pk": 8}, {"fields": {"category": 4, "query": "lang=grc", "ref": "s149#a", "external_link": "http://www.perseus.tufts.edu/hopper/text?doc=Perseus:text:1999.04.0007:id=s149", "title": "Rules of Accents - Acute"}, "model": "app.grammar", "pk": 9}, {"fields": {"category": 4, "query": "lang=grc", "ref": "s149#b", "external_link": "http://www.perseus.tufts.edu/hopper/text?doc=Perseus:text:1999.04.0007:id=s149", "title": "Rules of Accents - Circumflex"}, "model": "app.grammar", "pk": 10}, {"fields": {"category": 4, "query": "lang=grc", "ref": "s149#c", "external_link": "http://www.perseus.tufts.edu/hopper/text?doc=Perseus:text:1999.04.0007:id=s149", "title": "Rules of Accents - Grave"}, "model": "app.grammar", "pk": 11}, {"fields": {"category": 4, "query": "pos=punct", "ref": "s188", "external_link": "http://www.perseus.tufts.edu/hopper/text?doc=Perseus:text:1999.04.0007:id=s188", "title": "Marks of Punctuation"}, "model": "app.grammar", "pk": 12}, {"fields": {"category": 1, "query": "pos=noun", "ref": "s194", "external_link": "http://www.perseus.tufts.edu/hopper/text?doc=Perseus:text:1999.04.0007:id=s194", "title": "Characteristics of Nouns in Ancient Greek"}, "model": "app.grammar", "pk": 13}, {"fields": {"category": 1, "query": "pos=noun", "ref": "s195", "external_link": "http://www.perseus.tufts.edu/hopper/text?doc=Perseus:text:1999.04.0007:id=s195", "title": "Number in Ancient Greek Nouns"}, "model": "app.grammar", "pk": 14}, {"fields": {"category": 1, "query": "pos=noun", "ref": "s196", "external_link": "http://www.perseus.tufts.edu/hopper/text?doc=Perseus:text:1999.04.0007:id=s196", "title": "Gender in Ancient Greek Nouns"}, "model": "app.grammar", "pk": 15}, {"fields": {"category": 1, "query": "pos=noun", "ref": "s201", "external_link": "http://www.perseus.tufts.edu/hopper/text?doc=Perseus:text:1999.04.0007:id=s201", "title": "Case in Ancient Greek Nouns"}, "model": "app.grammar", "pk": 16}, {"fields": {"category": 1, "query": "pos=noun&posAdd=h_hs", "ref": "s216", "external_link": "http://www.perseus.tufts.edu/hopper/text?doc=Perseus:text:1999.04.0007:id=s216", "title": "The Alpha or First Declension"}, "model": "app.grammar", "pk": 17}, {"fields": {"category": 1, "query": "pos=noun&gender=fem&lemma__endswith=\u03b1&posAdd__contains=h_hs", "ref": "s217#a", "external_link": "http://www.perseus.tufts.edu/hopper/text?doc=Perseus:text:1999.04.0007:id=s217#a", "title": "Feminine Nouns in the First Declension (\u03b1-stem)"}, "model": "app.grammar", "pk": 18}, {"fields": {"category": 1, "query": "pos=noun&gender=fem&lemma__endswith=\u03b7&posAdd__contains=h_hs", "ref": "s217#c", "external_link": "http://www.perseus.tufts.edu/hopper/text?doc=Perseus:text:1999.04.0007:id=s217", "title": "Feminine Nouns in the First Declension (\u03b7-stem)"}, "model": "app.grammar", "pk": 19}, {"fields": {"category": 1, "query": "pos=noun&gender=masc&posAdd__contains=hs_ou", "ref": "s222", "external_link": "http://www.perseus.tufts.edu/hopper/text?doc=Perseus:text:1999.04.0007:id=s222", "title": "Masculine Nouns in the First Declension (\u03b7\u03c2-stem)"}, "model": "app.grammar", "pk": 20}, {"fields": {"category": 1, "query": "pos=noun&gender=masc&posAdd__contains=os_ou", "ref": "s228#a", "external_link": "http://www.perseus.tufts.edu/hopper/text?doc=Perseus:text:1999.04.0007:id=s228", "title": "Masculine Nouns in the Second Declension (\u03bf\u03c2-stem)"}, "model": "app.grammar", "pk": 21}, {"fields": {"category": 1, "query": "pos=noun&gender=neut&posAdd__contains=os_ou", "ref": "s228#b", "external_link": "http://www.perseus.tufts.edu/hopper/text?doc=Perseus:text:1999.04.0007:id=s228", "title": "Neuter Nouns in the Second Declension (\u03bf\u03bd-stem)"}, "model": "app.grammar", "pk": 22}, {"fields": {"category": 1, "query": "pos=noun&gender=fem&posAdd__contains=os_ou", "ref": "s232", "external_link": "http://www.perseus.tufts.edu/hopper/text?doc=Perseus:text:1999.04.0007:id=s232", "title": "Feminine Nouns in the Second Declension"}, "model": "app.grammar", "pk": 23}, {"fields": {"category": 1, "query": "pos=noun&posAdd__contains=is_idos", "ref": "s255#2", "external_link": "http://www.perseus.tufts.edu/hopper/text?doc=Perseus:text:1999.04.0007:id=s255", "title": "Feminine and Masculine Nouns in the Third Declension"}, "model": "app.grammar", "pk": 24}, {"fields": {"category": 1, "query": "pos=noun&gender=neut&posAdd__contains=ma_matos", "ref": "s255#3", "external_link": "http://www.perseus.tufts.edu/hopper/text?doc=Perseus:text:1999.04.0007:id=s255", "title": "Neuter Nouns in the Third Declension"}, "model": "app.grammar", "pk": 25}, {"fields": {"category": 1, "query": "pos=noun&lemma__endswith=&posAdd__contains=is_ews", "ref": "s268", "external_link": "http://www.perseus.tufts.edu/hopper/text?doc=Perseus:text:1999.04.0007:id=s268", "title": "Third declension nouns with stems in -\u03b9 and -\u03c5"}, "model": "app.grammar", "pk": 26}, {"fields": {"category": 1, "query": "pos=noun&lemma__endswith=&posAdd__contains=eus_ews", "ref": "s275", "external_link": "http://www.perseus.tufts.edu/hopper/text?doc=Perseus:text:1999.04.0007:id=s275", "title": "Third declension nouns with stems in -\u03b5\u03c5, -\u03b1\u03c5, -\u03bf\u03c5"}, "model": "app.grammar", "pk": 27}, {"fields": {"category": 3, "query": "pos=adj&posAdd__contains=os_h_on", "ref": "s286", "external_link": "http://www.perseus.tufts.edu/hopper/text?doc=Perseus:text:1999.04.0007:id=s286", "title": "Three-termination Adjectives"}, "model": "app.grammar", "pk": 28}, {"fields": {"category": 3, "query": "pos=adj&posAdd__contains=os_on", "ref": "s288", "external_link": "http://www.perseus.tufts.edu/hopper/text?doc=Perseus:text:1999.04.0007:id=s288", "title": "Two-termination Adjectives"}, "model": "app.grammar", "pk": 29}, {"fields": {"category": 3, "query": "pos=adj&posAdd__contains=as_asa_an", "ref": "s299", "external_link": "http://www.perseus.tufts.edu/hopper/text?doc=Perseus:text:1999.04.0007:id=s299", "title": "Three termination adjectives third declension"}, "model": "app.grammar", "pk": 30}, {"fields": {"category": 4, "query": "pos=article", "ref": "s332", "external_link": "http://www.perseus.tufts.edu/hopper/text?doc=Perseus:text:1999.04.0007:id=s332", "title": "Articles Declension"}, "model": "app.grammar", "pk": 31}, {"fields": {"category": 5, "query": "pos=adverb", "ref": "s343", "external_link": "http://www.perseus.tufts.edu/hopper/text?doc=Perseus:text:1999.04.0007:id=s343", "title": "Adverbs"}, "model": "app.grammar", "pk": 32}, {"fields": {"category": 2, "query": "pos=verb", "ref": "s355", "external_link": "http://www.perseus.tufts.edu/hopper/text?doc=Perseus:text:1999.04.0007:id=s343", "title": "Introduction to Verbs"}, "model": "app.grammar", "pk": 33}, {"fields": {"category": 2, "query": "pos=verb", "ref": "s364", "external_link": "http://www.perseus.tufts.edu/hopper/text?doc=Perseus:text:1999.04.0007:id=s364", "title": "Introduction to Verbs - Person"}, "model": "app.grammar", "pk": 34}, {"fields": {"category": 2, "query": "pos=verb", "ref": "s363", "external_link": "http://www.perseus.tufts.edu/hopper/text?doc=Perseus:text:1999.04.0007:id=s363", "title": "Introduction to Verbs - Number"}, "model": "app.grammar", "pk": 35}, {"fields": {"category": 2, "query": "pos=verb", "ref": "s359", "external_link": "http://www.perseus.tufts.edu/hopper/text?doc=Perseus:text:1999.04.0007:id=s359", "title": "Introduction to Verbs - Tense"}, "model": "app.grammar", "pk": 36}, {"fields": {"category": 2, "query": "pos=verb", "ref": "s357", "external_link": "http://www.perseus.tufts.edu/hopper/text?doc=Perseus:text:1999.04.0007:id=s357", "title": "Introduction to Verbs - Mood"}, "model": "app.grammar", "pk": 37}, {"fields": {"category": 2, "query": "pos=verb", "ref": "s356", "external_link": "http://www.perseus.tufts.edu/hopper/text?doc=Perseus:text:1999.04.0007:id= s356", "title": "Introduction to Verbs - Voice"}, "model": "app.grammar", "pk": 38}, {"fields": {"category": 2, "query": "pos=verb&tense=pres&mood=ind&voice=act&posAdd__contains=w_stem", "ref": "s499", "external_link": "http://www.perseus.tufts.edu/hopper/text?doc=Perseus:text:1999.04.0007:id=s499", "title": "Form the Present, Active, Indicative for \u03c9-stem Verbs"}, "model": "app.grammar", "pk": 39}, {"fields": {"category": 2, "query": "pos=verb&tense=fut", "ref": "s532#a", "external_link": "http://www.perseus.tufts.edu/hopper/text?doc=Perseus:text:1999.04.0007:id=s532", "title": "The Future Tense"}, "model": "app.grammar", "pk": 40}, {"fields": {"category": 2, "query": "pos=verb&tense=fut&mood=ind&voice=act", "ref": "s532#b", "external_link": "http://www.perseus.tufts.edu/hopper/text?doc=Perseus:text:1999.04.0007:id=s532", "title": "Introduction to the Future Active Indicative"}, "model": "app.grammar", "pk": 41}, {"fields": {"category": 2, "query": "pos=verb&tense=fut&mood=ind&voice=act&lemma__endswith=\u03c0\u03c9", "ref": "s537", "external_link": "http://www.perseus.tufts.edu/hopper/text?doc=Perseus:text:1999.04.0007:id=s537", "title": "Form the Future, Active, Indicative for Stop Verbs"}, "model": "app.grammar", "pk": 42}, {"fields": {"category": 2, "query": "pos=verb&tense=aor&posAdd__contains=aor1", "ref": "s542", "external_link": "http://www.perseus.tufts.edu/hopper/text?doc=Perseus:text:1999.04.0007:id=s542", "title": "First Aorist"}, "model": "app.grammar", "pk": 43}, {"fields": {"category": 2, "query": "pos=verb&tense=aor&posAdd__contains=aor2", "ref": "s546", "external_link": "http://www.perseus.tufts.edu/hopper/text?doc=Perseus:text:1999.04.0007:id=s546", "title": "Second Aorist"}, "model": "app.grammar", "pk": 44}, {"fields": {"category": 2, "query": "pos=verb&lemma=\u03b5\u1f30\u03bc\u03af&tense=pres&mood=ind", "ref": "s768#a", "external_link": "http://www.perseus.tufts.edu/hopper/text?doc=Perseus:text:1999.04.0007:id=s768", "title": "\u03b5\u1f30\u03bc\u03af in the Present Tense"}, "model": "app.grammar", "pk": 45}, {"fields": {"category": 2, "query": "pos=verb&lemma=\u03b5\u1f30\u03bc\u03af&tense=fut", "ref": "s768#b", "external_link": "http://www.perseus.tufts.edu/hopper/text?doc=Perseus:text:1999.04.0007:id=s768", "title": "\u03b5\u1f30\u03bc\u03af in the Future Tense"}, "model": "app.grammar", "pk": 46}, {"fields": {"category": 2, "query": "pos=verb&lemma=\u03b5\u1f30\u03bc\u03af&tense=imperf", "ref": "s768#c", "external_link": "http://www.perseus.tufts.edu/hopper/text?doc=Perseus:text:1999.04.0007:id=s768", "title": "\u03b5\u1f30\u03bc\u03af in the Imperfect Tense"}, "model": "app.grammar", "pk": 47}, {"fields": {"category": 1, "query": "pos=noun&case=nom", "ref": "s910", "external_link": "http://www.perseus.tufts.edu/hopper/text?doc=Perseus:text:1999.04.0007:id=s910", "title": "Uses of the Nominative - Predicate"}, "model": "app.grammar", "pk": 48}, {"fields": {"category": 1, "query": "pos=noun&case=nom", "ref": "s938", "external_link": "http://www.perseus.tufts.edu/hopper/text?doc=Perseus:text:1999.04.0007:id=s938", "title": "The Nominative Case"}, "model": "app.grammar", "pk": 49}, {"fields": {"category": 1, "query": "pos=noun&case=voc", "ref": "s1283", "external_link": "http://www.perseus.tufts.edu/hopper/text?doc=Perseus:text:1999.04.0007:id=s1283", "title": "The Vocative Case"}, "model": "app.grammar", "pk": 50}, {"fields": {"category": 1, "query": "pos=noun&case=gen", "ref": "s1297", "external_link": "http://www.perseus.tufts.edu/hopper/text?doc=Perseus:text:1999.04.0007:id=s1297", "title": "Uses of the Genitive - Possessive"}, "model": "app.grammar", "pk": 51}, {"fields": {"category": 1, "query": "pos=noun&case=gen", "ref": "s1306", "external_link": "http://www.perseus.tufts.edu/hopper/text?doc=Perseus:text:1999.04.0007:id=s1306", "title": "Uses of the Genitive - Partitive"}, "model": "app.grammar", "pk": 52}, {"fields": {"category": 1, "query": "pos=noun&case=gen", "ref": "s1315", "external_link": "http://www.perseus.tufts.edu/hopper/text?doc=Perseus:text:1999.04.0007:id=s1315", "title": "Uses of the Genitive - Comparative"}, "model": "app.grammar", "pk": 53}, {"fields": {"category": 1, "query": "pos=noun&case=dat", "ref": "s1450", "external_link": "http://www.perseus.tufts.edu/hopper/text?doc=Perseus:text:1999.04.0007:id=s1450", "title": "The Dative Case"}, "model": "app.grammar", "pk": 54}, {"fields": {"category": 1, "query": "pos=noun&case=dat", "ref": "s1506", "external_link": "http://www.perseus.tufts.edu/hopper/text?doc=Perseus:text:1999.04.0007:id=s1506", "title": "Uses of the Dative - Instrumental"}, "model": "app.grammar", "pk": 55}, {"fields": {"category": 1, "query": "pos=noun&case=acc", "ref": "s1590", "external_link": "http://www.perseus.tufts.edu/hopper/text?doc=Perseus:text:1999.04.0007:id=s1590", "title": "The Accusative Case"}, "model": "app.grammar", "pk": 56}, {"fields": {"category": 2, "query": "pos=verb&tense=imperf&mood=ind&voice=act&posAdd__contains=w_stem", "ref": "s1889", "external_link": "http://www.perseus.tufts.edu/hopper/text?doc=Perseus:text:1999.04.0007:id=s1889", "title": "Form the Imperfect, Active, Indicative"}, "model": "app.grammar", "pk": 57}, {"fields": {"model": "language", "name": "language", "app_label": "app"}, "model": "contenttypes.contenttype", "pk": 1}, {"fields": {"model": "category", "name": "category", "app_label": "app"}, "model": "contenttypes.contenttype", "pk": 2}, {"fields": {"model": "appuser", "name": "user", "app_label": "app"}, "model": "contenttypes.contenttype", "pk": 3}, {"fields": {"model": "grammar", "name": "grammar", "app_label": "app"}, "model": "contenttypes.contenttype", "pk": 4}, {"fields": {"model": "content", "name": "content", "app_label": "app"}, "model": "contenttypes.contenttype", "pk": 5}, {"fields": {"model": "permission", "name": "permission", "app_label": "auth"}, "model": "contenttypes.contenttype", "pk": 6}, {"fields": {"model": "group", "name": "group", "app_label": "auth"}, "model": "contenttypes.contenttype", "pk": 7}, {"fields": {"model": "contenttype", "name": "content type", "app_label": "contenttypes"}, "model": "contenttypes.contenttype", "pk": 8}, {"fields": {"model": "session", "name": "session", "app_label": "sessions"}, "model": "contenttypes.contenttype", "pk": 9}, {"fields": {"model": "apiaccess", "name": "api access", "app_label": "tastypie"}, "model": "contenttypes.contenttype", "pk": 10}, {"fields": {"model": "apikey", "name": "api key", "app_label": "tastypie"}, "model": "contenttypes.contenttype", "pk": 11}, {"fields": {"model": "logentry", "name": "log entry", "app_label": "admin"}, "model": "contenttypes.contenttype", "pk": 12}, {"fields": {"codename": "add_language", "name": "Can add language", "content_type": 1}, "model": "auth.permission", "pk": 1}, {"fields": {"codename": "change_language", "name": "Can change language", "content_type": 1}, "model": "auth.permission", "pk": 2}, {"fields": {"codename": "delete_language", "name": "Can delete language", "content_type": 1}, "model": "auth.permission", "pk": 3}, {"fields": {"codename": "add_category", "name": "Can add category", "content_type": 2}, "model": "auth.permission", "pk": 4}, {"fields": {"codename": "change_category", "name": "Can change category", "content_type": 2}, "model": "auth.permission", "pk": 5}, {"fields": {"codename": "delete_category", "name": "Can delete category", "content_type": 2}, "model": "auth.permission", "pk": 6}, {"fields": {"codename": "add_appuser", "name": "Can add user", "content_type": 3}, "model": "auth.permission", "pk": 7}, {"fields": {"codename": "change_appuser", "name": "Can change user", "content_type": 3}, "model": "auth.permission", "pk": 8}, {"fields": {"codename": "delete_appuser", "name": "Can delete user", "content_type": 3}, "model": "auth.permission", "pk": 9}, {"fields": {"codename": "add_grammar", "name": "Can add grammar", "content_type": 4}, "model": "auth.permission", "pk": 10}, {"fields": {"codename": "change_grammar", "name": "Can change grammar", "content_type": 4}, "model": "auth.permission", "pk": 11}, {"fields": {"codename": "delete_grammar", "name": "Can delete grammar", "content_type": 4}, "model": "auth.permission", "pk": 12}, {"fields": {"codename": "add_content", "name": "Can add content", "content_type": 5}, "model": "auth.permission", "pk": 13}, {"fields": {"codename": "change_content", "name": "Can change content", "content_type": 5}, "model": "auth.permission", "pk": 14}, {"fields": {"codename": "delete_content", "name": "Can delete content", "content_type": 5}, "model": "auth.permission", "pk": 15}, {"fields": {"codename": "add_permission", "name": "Can add permission", "content_type": 6}, "model": "auth.permission", "pk": 16}, {"fields": {"codename": "change_permission", "name": "Can change permission", "content_type": 6}, "model": "auth.permission", "pk": 17}, {"fields": {"codename": "delete_permission", "name": "Can delete permission", "content_type": 6}, "model": "auth.permission", "pk": 18}, {"fields": {"codename": "add_group", "name": "Can add group", "content_type": 7}, "model": "auth.permission", "pk": 19}, {"fields": {"codename": "change_group", "name": "Can change group", "content_type": 7}, "model": "auth.permission", "pk": 20}, {"fields": {"codename": "delete_group", "name": "Can delete group", "content_type": 7}, "model": "auth.permission", "pk": 21}, {"fields": {"codename": "add_contenttype", "name": "Can add content type", "content_type": 8}, "model": "auth.permission", "pk": 22}, {"fields": {"codename": "change_contenttype", "name": "Can change content type", "content_type": 8}, "model": "auth.permission", "pk": 23}, {"fields": {"codename": "delete_contenttype", "name": "Can delete content type", "content_type": 8}, "model": "auth.permission", "pk": 24}, {"fields": {"codename": "add_session", "name": "Can add session", "content_type": 9}, "model": "auth.permission", "pk": 25}, {"fields": {"codename": "change_session", "name": "Can change session", "content_type": 9}, "model": "auth.permission", "pk": 26}, {"fields": {"codename": "delete_session", "name": "Can delete session", "content_type": 9}, "model": "auth.permission", "pk": 27}, {"fields": {"codename": "add_apiaccess", "name": "Can add api access", "content_type": 10}, "model": "auth.permission", "pk": 28}, {"fields": {"codename": "change_apiaccess", "name": "Can change api access", "content_type": 10}, "model": "auth.permission", "pk": 29}, {"fields": {"codename": "delete_apiaccess", "name": "Can delete api access", "content_type": 10}, "model": "auth.permission", "pk": 30}, {"fields": {"codename": "add_apikey", "name": "Can add api key", "content_type": 11}, "model": "auth.permission", "pk": 31}, {"fields": {"codename": "change_apikey", "name": "Can change api key", "content_type": 11}, "model": "auth.permission", "pk": 32}, {"fields": {"codename": "delete_apikey", "name": "Can delete api key", "content_type": 11}, "model": "auth.permission", "pk": 33}, {"fields": {"codename": "add_logentry", "name": "Can add log entry", "content_type": 12}, "model": "auth.permission", "pk": 34}, {"fields": {"codename": "change_logentry", "name": "Can change log entry", "content_type": 12}, "model": "auth.permission", "pk": 35}, {"fields": {"codename": "delete_logentry", "name": "Can delete log entry", "content_type": 12}, "model": "auth.permission", "pk": 36}, {"fields": {"username": "monica", "first_name": "", "last_name": "", "lang_speaking": null, "is_active": true, "lang_learning": null, "is_superuser": true, "is_staff": true, "last_login": "2014-10-05T12:19:34.818Z", "groups": [], "user_permissions": [], "password": "pbkdf2_sha256$12000$OQeapR8t70Mz$t/UHAUZyIUG0Zxl7LFYDup2wSpLox0Qo9t6XoUzZGBc=", "email": "lent.monica@gmail.com", "date_joined": "2014-10-05T12:13:12.790Z"}, "model": "app.appuser", "pk": 1}, {"fields": {"action_flag": 1, "action_time": "2014-10-05T12:25:02.517Z", "object_repr": "English", "object_id": "4", "change_message": "", "user": 1, "content_type": 1}, "model": "admin.logentry", "pk": 1}, {"fields": {"action_flag": 1, "action_time": "2014-10-05T12:27:00.031Z", "object_repr": "Ancient Greek", "object_id": "5", "change_message": "", "user": 1, "content_type": 1}, "model": "admin.logentry", "pk": 2}, {"fields": {"action_flag": 1, "action_time": "2014-10-05T12:29:23.342Z", "object_repr": "Nouns", "object_id": "1", "change_message": "", "user": 1, "content_type": 2}, "model": "admin.logentry", "pk": 3}, {"fields": {"action_flag": 1, "action_time": "2014-10-05T12:29:27.977Z", "object_repr": "Verbs", "object_id": "2", "change_message": "", "user": 1, "content_type": 2}, "model": "admin.logentry", "pk": 4}, {"fields": {"action_flag": 1, "action_time": "2014-10-05T12:29:33.034Z", "object_repr": "Adjectives", "object_id": "3", "change_message": "", "user": 1, "content_type": 2}, "model": "admin.logentry", "pk": 5}, {"fields": {"action_flag": 1, "action_time": "2014-10-05T12:29:38.000Z", "object_repr": "Foundational", "object_id": "4", "change_message": "", "user": 1, "content_type": 2}, "model": "admin.logentry", "pk": 6}, {"fields": {"action_flag": 1, "action_time": "2014-10-05T12:30:07.297Z", "object_repr": "Ancient Greek Alphabet", "object_id": "1", "change_message": "", "user": 1, "content_type": 4}, "model": "admin.logentry", "pk": 7}, {"fields": {"action_flag": 1, "action_time": "2014-10-05T12:30:27.099Z", "object_repr": "Long and Short Vowels", "object_id": "2", "change_message": "", "user": 1, "content_type": 4}, "model": "admin.logentry", "pk": 8}, {"fields": {"action_flag": 1, "action_time": "2014-10-05T12:30:50.933Z", "object_repr": "Dipthongs", "object_id": "3", "change_message": "", "user": 1, "content_type": 4}, "model": "admin.logentry", "pk": 9}, {"fields": {"action_flag": 1, "action_time": "2014-10-05T12:31:20.355Z", "object_repr": "Iota Subscript", "object_id": "4", "change_message": "", "user": 1, "content_type": 4}, "model": "admin.logentry", "pk": 10}, {"fields": {"action_flag": 1, "action_time": "2014-10-05T12:31:55.800Z", "object_repr": "lang=grc", "object_id": "5", "change_message": "", "user": 1, "content_type": 4}, "model": "admin.logentry", "pk": 11}, {"fields": {"action_flag": 1, "action_time": "2014-10-05T12:32:14.348Z", "object_repr": "lang=grc", "object_id": "6", "change_message": "", "user": 1, "content_type": 4}, "model": "admin.logentry", "pk": 12}, {"fields": {"action_flag": 1, "action_time": "2014-10-05T12:32:56.260Z", "object_repr": "Gamma Nasal", "object_id": "7", "change_message": "", "user": 1, "content_type": 4}, "model": "admin.logentry", "pk": 13}, {"fields": {"action_flag": 1, "action_time": "2014-10-05T12:33:29.866Z", "object_repr": "Rules of Accents - Introduction", "object_id": "8", "change_message": "", "user": 1, "content_type": 4}, "model": "admin.logentry", "pk": 14}, {"fields": {"action_flag": 1, "action_time": "2014-10-05T12:34:08.325Z", "object_repr": "lang=grc", "object_id": "9", "change_message": "", "user": 1, "content_type": 4}, "model": "admin.logentry", "pk": 15}, {"fields": {"action_flag": 2, "action_time": "2014-10-05T12:34:46.870Z", "object_repr": "Rules of Accents - Acute", "object_id": "9", "change_message": "Changed title.", "user": 1, "content_type": 4}, "model": "admin.logentry", "pk": 16}, {"fields": {"action_flag": 2, "action_time": "2014-10-05T12:35:05.700Z", "object_repr": "Rough Breathing", "object_id": "5", "change_message": "Changed query and title.", "user": 1, "content_type": 4}, "model": "admin.logentry", "pk": 17}, {"fields": {"action_flag": 2, "action_time": "2014-10-05T12:35:18.181Z", "object_repr": "Smooth Breathing", "object_id": "6", "change_message": "Changed query and title.", "user": 1, "content_type": 4}, "model": "admin.logentry", "pk": 18}, {"fields": {"action_flag": 1, "action_time": "2014-10-05T12:36:02.024Z", "object_repr": "Rules of Accents - Circumflex", "object_id": "10", "change_message": "", "user": 1, "content_type": 4}, "model": "admin.logentry", "pk": 19}, {"fields": {"action_flag": 1, "action_time": "2014-10-05T12:36:47.361Z", "object_repr": "Rules of Accents - Grave", "object_id": "11", "change_message": "", "user": 1, "content_type": 4}, "model": "admin.logentry", "pk": 20}, {"fields": {"action_flag": 1, "action_time": "2014-10-05T12:37:17.929Z", "object_repr": "Marks of Punctuation", "object_id": "12", "change_message": "", "user": 1, "content_type": 4}, "model": "admin.logentry", "pk": 21}, {"fields": {"action_flag": 1, "action_time": "2014-10-05T12:37:48.875Z", "object_repr": "Characteristics of Nouns in Ancient Greek", "object_id": "13", "change_message": "", "user": 1, "content_type": 4}, "model": "admin.logentry", "pk": 22}, {"fields": {"action_flag": 1, "action_time": "2014-10-05T12:38:10.494Z", "object_repr": "Number in Ancient Greek Nouns", "object_id": "14", "change_message": "", "user": 1, "content_type": 4}, "model": "admin.logentry", "pk": 23}, {"fields": {"action_flag": 1, "action_time": "2014-10-05T12:38:41.610Z", "object_repr": "Gender in Ancient Greek Nouns", "object_id": "15", "change_message": "", "user": 1, "content_type": 4}, "model": "admin.logentry", "pk": 24}, {"fields": {"action_flag": 1, "action_time": "2014-10-05T12:39:09.136Z", "object_repr": "Case in Ancient Greek Nouns", "object_id": "16", "change_message": "", "user": 1, "content_type": 4}, "model": "admin.logentry", "pk": 25}, {"fields": {"action_flag": 1, "action_time": "2014-10-05T12:39:43.542Z", "object_repr": "The Alpha or First Declension", "object_id": "17", "change_message": "", "user": 1, "content_type": 4}, "model": "admin.logentry", "pk": 26}, {"fields": {"action_flag": 1, "action_time": "2014-10-05T12:40:19.389Z", "object_repr": "Feminine Nouns in the First Declension (\u03b1-stem)", "object_id": "18", "change_message": "", "user": 1, "content_type": 4}, "model": "admin.logentry", "pk": 27}, {"fields": {"action_flag": 1, "action_time": "2014-10-05T12:40:53.107Z", "object_repr": "Feminine Nouns in the First Declension (\u03b7-stem)", "object_id": "19", "change_message": "", "user": 1, "content_type": 4}, "model": "admin.logentry", "pk": 28}, {"fields": {"action_flag": 1, "action_time": "2014-10-05T12:42:39.475Z", "object_repr": "Masculine Nouns in the First Declension (\u03b7\u03c2-stem)", "object_id": "20", "change_message": "", "user": 1, "content_type": 4}, "model": "admin.logentry", "pk": 29}, {"fields": {"action_flag": 1, "action_time": "2014-10-05T12:43:12.236Z", "object_repr": "Masculine Nouns in the Second Declension (\u03bf\u03c2-stem)", "object_id": "21", "change_message": "", "user": 1, "content_type": 4}, "model": "admin.logentry", "pk": 30}, {"fields": {"action_flag": 1, "action_time": "2014-10-05T12:44:17.248Z", "object_repr": "Neuter Nouns in the Second Declension (\u03bf\u03bd-stem)", "object_id": "22", "change_message": "", "user": 1, "content_type": 4}, "model": "admin.logentry", "pk": 31}, {"fields": {"action_flag": 1, "action_time": "2014-10-05T12:44:44.234Z", "object_repr": "Feminine Nouns in the Second Declension", "object_id": "23", "change_message": "", "user": 1, "content_type": 4}, "model": "admin.logentry", "pk": 32}, {"fields": {"action_flag": 1, "action_time": "2014-10-05T12:45:16.230Z", "object_repr": "Feminine and Masculine Nouns in the Third Declension", "object_id": "24", "change_message": "", "user": 1, "content_type": 4}, "model": "admin.logentry", "pk": 33}, {"fields": {"action_flag": 1, "action_time": "2014-10-05T12:45:57.039Z", "object_repr": "Neuter Nouns in the Third Declension", "object_id": "25", "change_message": "", "user": 1, "content_type": 4}, "model": "admin.logentry", "pk": 34}, {"fields": {"action_flag": 1, "action_time": "2014-10-05T12:46:48.074Z", "object_repr": "Third declension nouns with stems in -\u03b9 and -\u03c5", "object_id": "26", "change_message": "", "user": 1, "content_type": 4}, "model": "admin.logentry", "pk": 35}, {"fields": {"action_flag": 1, "action_time": "2014-10-05T12:47:29.129Z", "object_repr": "Third declension nouns with stems in -\u03b5\u03c5, -\u03b1\u03c5, -\u03bf\u03c5", "object_id": "27", "change_message": "", "user": 1, "content_type": 4}, "model": "admin.logentry", "pk": 36}, {"fields": {"action_flag": 1, "action_time": "2014-10-05T12:48:13.898Z", "object_repr": "Three-termination Adjectives", "object_id": "28", "change_message": "", "user": 1, "content_type": 4}, "model": "admin.logentry", "pk": 37}, {"fields": {"action_flag": 1, "action_time": "2014-10-05T12:48:41.441Z", "object_repr": "Two-termination Adjectives", "object_id": "29", "change_message": "", "user": 1, "content_type": 4}, "model": "admin.logentry", "pk": 38}, {"fields": {"action_flag": 1, "action_time": "2014-10-05T12:52:53.314Z", "object_repr": "Three termination adjectives third declension", "object_id": "30", "change_message": "", "user": 1, "content_type": 4}, "model": "admin.logentry", "pk": 39}, {"fields": {"action_flag": 1, "action_time": "2014-10-05T12:53:39.867Z", "object_repr": "Articles Declension", "object_id": "31", "change_message": "", "user": 1, "content_type": 4}, "model": "admin.logentry", "pk": 40}, {"fields": {"action_flag": 1, "action_time": "2014-10-05T12:54:15.849Z", "object_repr": "Adverbs", "object_id": "5", "change_message": "", "user": 1, "content_type": 2}, "model": "admin.logentry", "pk": 41}, {"fields": {"action_flag": 1, "action_time": "2014-10-05T12:54:17.966Z", "object_repr": "Adverbs", "object_id": "32", "change_message": "", "user": 1, "content_type": 4}, "model": "admin.logentry", "pk": 42}, {"fields": {"action_flag": 1, "action_time": "2014-10-05T12:55:06.618Z", "object_repr": "Introduction to Verbs", "object_id": "33", "change_message": "", "user": 1, "content_type": 4}, "model": "admin.logentry", "pk": 43}, {"fields": {"action_flag": 1, "action_time": "2014-10-05T12:55:36.293Z", "object_repr": "Introduction to Verbs - Person", "object_id": "34", "change_message": "", "user": 1, "content_type": 4}, "model": "admin.logentry", "pk": 44}, {"fields": {"action_flag": 1, "action_time": "2014-10-05T12:56:21.771Z", "object_repr": "Introduction to Verbs - Number", "object_id": "35", "change_message": "", "user": 1, "content_type": 4}, "model": "admin.logentry", "pk": 45}, {"fields": {"action_flag": 1, "action_time": "2014-10-05T12:59:20.285Z", "object_repr": "Introduction to Verbs - Tense", "object_id": "36", "change_message": "", "user": 1, "content_type": 4}, "model": "admin.logentry", "pk": 46}, {"fields": {"action_flag": 1, "action_time": "2014-10-05T13:14:55.154Z", "object_repr": "Introduction to Verbs - Mood", "object_id": "37", "change_message": "", "user": 1, "content_type": 4}, "model": "admin.logentry", "pk": 47}, {"fields": {"action_flag": 1, "action_time": "2014-10-05T13:15:21.207Z", "object_repr": "Introduction to Verbs - Voice", "object_id": "38", "change_message": "", "user": 1, "content_type": 4}, "model": "admin.logentry", "pk": 48}, {"fields": {"action_flag": 1, "action_time": "2014-10-05T13:15:52.676Z", "object_repr": "Form the Present, Active, Indicative for \u03c9-stem Verbs", "object_id": "39", "change_message": "", "user": 1, "content_type": 4}, "model": "admin.logentry", "pk": 49}, {"fields": {"action_flag": 1, "action_time": "2014-10-05T13:16:24.069Z", "object_repr": "The Future Tense", "object_id": "40", "change_message": "", "user": 1, "content_type": 4}, "model": "admin.logentry", "pk": 50}, {"fields": {"action_flag": 1, "action_time": "2014-10-05T13:17:03.637Z", "object_repr": "Introduction to the Future Active Indicative", "object_id": "41", "change_message": "", "user": 1, "content_type": 4}, "model": "admin.logentry", "pk": 51}, {"fields": {"action_flag": 1, "action_time": "2014-10-05T13:18:19.977Z", "object_repr": "Form the Future, Active, Indicative for Stop Verbs", "object_id": "42", "change_message": "", "user": 1, "content_type": 4}, "model": "admin.logentry", "pk": 52}, {"fields": {"action_flag": 1, "action_time": "2014-10-05T13:18:50.289Z", "object_repr": "First Aorist", "object_id": "43", "change_message": "", "user": 1, "content_type": 4}, "model": "admin.logentry", "pk": 53}, {"fields": {"action_flag": 1, "action_time": "2014-10-05T13:19:14.546Z", "object_repr": "Second Aorist", "object_id": "44", "change_message": "", "user": 1, "content_type": 4}, "model": "admin.logentry", "pk": 54}, {"fields": {"action_flag": 1, "action_time": "2014-10-05T13:19:53.332Z", "object_repr": "\u03b5\u1f30\u03bc\u03af in the Present Tense", "object_id": "45", "change_message": "", "user": 1, "content_type": 4}, "model": "admin.logentry", "pk": 55}, {"fields": {"action_flag": 1, "action_time": "2014-10-05T13:20:26.833Z", "object_repr": "\u03b5\u1f30\u03bc\u03af in the Future Tense", "object_id": "46", "change_message": "", "user": 1, "content_type": 4}, "model": "admin.logentry", "pk": 56}, {"fields": {"action_flag": 1, "action_time": "2014-10-05T13:21:11.844Z", "object_repr": "\u03b5\u1f30\u03bc\u03af in the Imperfect Tense", "object_id": "47", "change_message": "", "user": 1, "content_type": 4}, "model": "admin.logentry", "pk": 57}, {"fields": {"action_flag": 1, "action_time": "2014-10-05T13:22:08.630Z", "object_repr": "Nominative Case - Predicate Nouns", "object_id": "48", "change_message": "", "user": 1, "content_type": 4}, "model": "admin.logentry", "pk": 58}, {"fields": {"action_flag": 1, "action_time": "2014-10-05T13:22:42.293Z", "object_repr": "The Nominative Case", "object_id": "49", "change_message": "", "user": 1, "content_type": 4}, "model": "admin.logentry", "pk": 59}, {"fields": {"action_flag": 1, "action_time": "2014-10-05T13:23:15.331Z", "object_repr": "The Vocative Case", "object_id": "50", "change_message": "", "user": 1, "content_type": 4}, "model": "admin.logentry", "pk": 60}, {"fields": {"action_flag": 1, "action_time": "2014-10-05T13:23:52.296Z", "object_repr": "The Genitive Case - Possessive", "object_id": "51", "change_message": "", "user": 1, "content_type": 4}, "model": "admin.logentry", "pk": 61}, {"fields": {"action_flag": 1, "action_time": "2014-10-05T13:25:08.716Z", "object_repr": "The Genitive Case - Partitive", "object_id": "52", "change_message": "", "user": 1, "content_type": 4}, "model": "admin.logentry", "pk": 62}, {"fields": {"action_flag": 1, "action_time": "2014-10-05T13:27:04.816Z", "object_repr": "The Genitive Case - Comparative", "object_id": "53", "change_message": "", "user": 1, "content_type": 4}, "model": "admin.logentry", "pk": 63}, {"fields": {"action_flag": 1, "action_time": "2014-10-05T13:27:41.203Z", "object_repr": "The Dative Case", "object_id": "54", "change_message": "", "user": 1, "content_type": 4}, "model": "admin.logentry", "pk": 64}, {"fields": {"action_flag": 1, "action_time": "2014-10-05T13:28:22.229Z", "object_repr": "Uses of the Dative - Instrumental", "object_id": "55", "change_message": "", "user": 1, "content_type": 4}, "model": "admin.logentry", "pk": 65}, {"fields": {"action_flag": 1, "action_time": "2014-10-05T13:28:55.875Z", "object_repr": "The Accusative Case", "object_id": "56", "change_message": "", "user": 1, "content_type": 4}, "model": "admin.logentry", "pk": 66}, {"fields": {"action_flag": 1, "action_time": "2014-10-05T13:29:46.760Z", "object_repr": "Form the Imperfect, Active, Indicative", "object_id": "57", "change_message": "", "user": 1, "content_type": 4}, "model": "admin.logentry", "pk": 67}, {"fields": {"action_flag": 2, "action_time": "2014-10-05T13:30:10.899Z", "object_repr": "Uses of the Nominative - Predicate", "object_id": "48", "change_message": "Changed title.", "user": 1, "content_type": 4}, "model": "admin.logentry", "pk": 68}, {"fields": {"action_flag": 2, "action_time": "2014-10-05T13:30:43.764Z", "object_repr": "Uses of the Genitive - Possessive", "object_id": "51", "change_message": "Changed title.", "user": 1, "content_type": 4}, "model": "admin.logentry", "pk": 69}, {"fields": {"action_flag": 2, "action_time": "2014-10-05T13:30:52.664Z", "object_repr": "Uses of the Genitive - Partitive", "object_id": "52", "change_message": "Changed title.", "user": 1, "content_type": 4}, "model": "admin.logentry", "pk": 70}, {"fields": {"action_flag": 2, "action_time": "2014-10-05T13:31:02.170Z", "object_repr": "Uses of the Genitive - Comparative", "object_id": "53", "change_message": "Changed title.", "user": 1, "content_type": 4}, "model": "admin.logentry", "pk": 71}]